year,region,population,status,population_growth_pct
1951,Alberta,950000,,
1952,Alberta,985000,,3.6842105263157787
1953,Alberta,1029000,,4.467005076142128
1954,Alberta,1070000,,3.9844509232264347
1955,Alberta,1102000,,2.990654205607468
1956,Alberta,1136000,,3.085299455535395
1957,Alberta,1179000,,3.785211267605626
1958,Alberta,1221000,,3.562340966921118
1959,Alberta,1263000,,3.439803439803435
1960,Alberta,1307000,,3.4837688044338844
1961,Alberta,1345000,,2.9074215761285327
1962,Alberta,1382000,,2.750929368029742
1963,Alberta,1414000,,2.315484804630974
1964,Alberta,1436000,,1.555869872701554
1965,Alberta,1453000,,1.1838440111420656
1966,Alberta,1470000,,1.169993117687551
1967,Alberta,1501000,,2.1088435374149617
1968,Alberta,1536000,,2.3317788141239193
1969,Alberta,1571000,,2.278645833333326
1970,Alberta,1607000,,2.291534054742206
1971,Alberta,1675638,,4.271188550093341
1972,Alberta,1705519,,1.7832610623535583
1973,Alberta,1735396,,1.7517834747077021
1974,Alberta,1769880,,1.9870968931586797
1975,Alberta,1825051,,3.117216986462368
1976,Alberta,1896466,,3.9130413341873727
1977,Alberta,1974721,,4.12635923871032
1978,Alberta,2047919,,3.7067514853997174
1979,Alberta,2128647,,3.941952782312197
1980,Alberta,2227159,,4.627916230356655
1981,Alberta,2319715,,4.155787709813263
1982,Alberta,2378405,,2.530052183134557
1983,Alberta,2394239,,0.6657402755207764
1984,Alberta,2390913,,-0.13891679151496472
1985,Alberta,2407001,,0.6728810291298792
1986,Alberta,2429949,,0.9533855615348807
1987,Alberta,2437537,,0.31226992829891387
1988,Alberta,2465242,,1.136598131638622
1989,Alberta,2507203,,1.7021047020941538
1990,Alberta,2563142,,2.231131663451258
1991,Alberta,2604031,,1.5952686195302546
1992,Alberta,2643421,,1.5126548032646348
1993,Alberta,2678623,,1.3316834511037046
1994,Alberta,2709011,,1.1344634911295781
1995,Alberta,2745255,,1.3379052355269039
1996,Alberta,2789691,,1.6186474480512691
1997,Alberta,2847526,,2.0731686771043867
1998,Alberta,2915781,,2.3969930388695326
1999,Alberta,2966682,,1.7457072393296968
2000,Alberta,3016947,,1.6943170855521439
2001,Alberta,3078756,,2.0487267426308797
2002,Alberta,3145227,,2.159021370969305
2003,Alberta,3198059,,1.6797515727799528
2004,Alberta,3260721,,1.959375983995293
2005,Alberta,3346802,,2.6399376088907855
2006,Alberta,3453945,,3.2013546065766674
2007,Alberta,3533414,,2.3008183396087567
2008,Alberta,3619319,,2.4312180797381844
2009,Alberta,3694318,,2.0721854028340703
2010,Alberta,3747235,,1.432388873941015
2011,Alberta,3805071,,1.5434313567203484
2012,Alberta,3897746,,2.4355655912859486
2013,Alberta,4008421,,2.8394615759980146
2014,Alberta,4103702,,2.377020777009209
2015,Alberta,4163048,,1.446157640101542
2016,Alberta,4207139,,1.0591038104773132
2017,Alberta,4253530,,1.102673336916138
2018,Alberta,4311439,,1.3614339148895205
2019,Alberta,4376860,,1.5173820156100915
2020,Alberta,4412013,,0.8031556869536605
2021,Alberta,4451129,,0.8865794366426316
2022,Alberta,4560275,,2.452096984832397
2023,Alberta,4752173,,4.208035699601442
2024,Alberta,4957075,,4.311753801892304
2025,Alberta,5040871,,1.6904323618262884
2026,Alberta,5057077,,0.3214920596063653
1951,British Columbia,1179000,,
1952,British Columbia,1222000,,3.647158608990675
1953,British Columbia,1265000,,3.5188216039279796
1954,British Columbia,1311000,,3.6363636363636376
1955,British Columbia,1362000,,3.89016018306636
1956,British Columbia,1426000,,4.698972099853149
1957,British Columbia,1511000,,5.960729312762969
1958,British Columbia,1548000,,2.4487094639311646
1959,British Columbia,1580000,,2.067183462532296
1960,British Columbia,1614000,,2.1518987341772045
1961,British Columbia,1640000,,1.610904584882289
1962,British Columbia,1674000,,2.073170731707319
1963,British Columbia,1716000,,2.508960573476693
1964,British Columbia,1765000,,2.8554778554778615
1965,British Columbia,1827000,,3.5127478753541164
1966,British Columbia,1905000,,4.269293924466333
1967,British Columbia,1970000,,3.4120734908136496
1968,British Columbia,2023000,,2.6903553299492344
1969,British Columbia,2082000,,2.9164607019278366
1970,British Columbia,2152000,,3.3621517771373677
1971,British Columbia,2258651,,4.955901486988856
1972,British Columbia,2318552,,2.6520697531402515
1973,British Columbia,2386932,,2.949254534726853
1974,British Columbia,2461396,,3.1196531782220926
1975,British Columbia,2510751,,2.0051629238042157
1976,British Columbia,2546813,,1.4363033211975296
1977,British Columbia,2586668,,1.5648969908666155
1978,British Columbia,2632020,,1.7532980653102825
1979,British Columbia,2691121,,2.2454616606256694
1980,British Columbia,2773680,,3.067829354384277
1981,British Columbia,2845212,,2.578956476594274
1982,British Columbia,2885875,,1.429172940364376
1983,British Columbia,2919166,,1.1535842682028896
1984,British Columbia,2956332,,1.2731718579895857
1985,British Columbia,2984237,,0.9439061648015112
1986,British Columbia,3015876,,1.0602039985430078
1987,British Columbia,3068995,,1.7613124677539727
1988,British Columbia,3141854,,2.3740344966348914
1989,British Columbia,3229220,,2.7807148263413906
1990,British Columbia,3322896,,2.90088628213625
1991,British Columbia,3404049,,2.442237132910563
1992,British Columbia,3502209,,2.8836247656834457
1993,British Columbia,3601746,,2.8421205016605278
1994,British Columbia,3711468,,3.04635585074573
1995,British Columbia,3805461,,2.5325019641823765
1996,British Columbia,3899256,,2.4647473722631874
1997,British Columbia,3964677,,1.6777816075682184
1998,British Columbia,3990451,,0.6500907892370567
1999,British Columbia,4021600,,0.7805884598006685
2000,British Columbia,4049297,,0.6887059876665935
2001,British Columbia,4085595,,0.8964025113495033
2002,British Columbia,4108351,,0.5569812964819176
2003,British Columbia,4134598,,0.6388694636850545
2004,British Columbia,4167802,,0.8030768650301612
2005,British Columbia,4212674,,1.0766346385936654
2006,British Columbia,4258653,,1.091444531430641
2007,British Columbia,4312048,,1.2538002039611973
2008,British Columbia,4371128,,1.3701146183901391
2009,British Columbia,4431587,,1.3831441220664376
2010,British Columbia,4483613,,1.1739812396778015
2011,British Columbia,4529186,,1.0164347368963433
2012,British Columbia,4594846,,1.4497086231389122
2013,British Columbia,4663919,,1.5032712739447618
2014,British Columbia,4743505,,1.7064190008445612
2015,British Columbia,4795547,,1.0971212215439952
2016,British Columbia,4886638,,1.899491340612447
2017,British Columbia,4962706,,1.5566530608569717
2018,British Columbia,5052131,,1.8019403124021505
2019,British Columbia,5148047,,1.8985255924678146
2020,British Columbia,5173896,,0.5021127429489347
2021,British Columbia,5269491,,1.847640540126827
2022,British Columbia,5406059,,2.5916734652360107
2023,British Columbia,5572694,,3.082374794651699
2024,British Columbia,5696852,,2.2279708880480475
2025,British Columbia,5683201,,-0.23962356754221315
2026,British Columbia,5646420,,-0.6471880899514226
1946,Canada,12393000,,
1947,Canada,12646000,,2.0414750262244707
1948,Canada,12930000,,2.245769413253207
1949,Canada,13548000,,4.77958236658933
1950,Canada,13807000,,1.9117212872748812
1951,Canada,14163000,,2.5784022597233225
1952,Canada,14598000,,3.07138318152933
1953,Canada,15001000,,2.7606521441293275
1954,Canada,15444000,,2.953136457569494
1955,Canada,15834000,,2.5252525252525304
1956,Canada,16235000,,2.53252494631806
1957,Canada,16810000,,3.541730828457035
1958,Canada,17225000,,2.4687685901249257
1959,Canada,17624000,,2.316400580551514
1960,Canada,18009000,,2.1845211075805615
1961,Canada,18363000,,1.965683824754283
1962,Canada,18708000,,1.8787779774546598
1963,Canada,19061000,,1.8868933076758632
1964,Canada,19420000,,1.8834268926079423
1965,Canada,19777000,,1.8383110195674623
1966,Canada,20146000,,1.8658037113819192
1967,Canada,20509000,,1.8018465204010736
1968,Canada,20814000,,1.487151982056667
1969,Canada,21111000,,1.4269241856442738
1970,Canada,21400000,,1.3689545734451247
1971,Canada,22039243,,2.987116822429914
1972,Canada,22288499,,1.130964434667736
1973,Canada,22570338,,1.2645041732060935
1974,Canada,22907390,,1.4933405073508377
1975,Canada,23240585,,1.4545306121736212
1976,Canada,23533565,,1.2606395234887602
1977,Canada,23801445,,1.138289077749155
1978,Canada,24025447,,0.941127734051439
1979,Canada,24279044,,1.0555349917110712
1980,Canada,24603534,,1.3365023762879735
1981,Canada,24920120,,1.2867501067123088
1982,Canada,25193538,,1.097177702194041
1983,Canada,25434150,,0.9550544270518824
1984,Canada,25677668,,0.9574450099570919
1985,Canada,25914797,,0.9234833942085352
1986,Canada,26187639,,1.0528425131016927
1987,Canada,26542370,,1.3545741943364886
1988,Canada,26932655,,1.470422573417518
1989,Canada,27402695,,1.7452419748442916
1990,Canada,27807591,,1.477577296685606
1991,Canada,28127327,,1.1498155305865954
1992,Canada,28474177,,1.233142416981181
1993,Canada,28786619,,1.0972819337324413
1994,Canada,29096372,,1.0760311935208433
1995,Canada,29396274,,1.0307195687489834
1996,Canada,29708206,,1.0611276789704638
1997,Canada,29994790,,0.9646627601814783
1998,Canada,30231639,,0.7896337997365555
1999,Canada,30492106,,0.8615708860508775
2000,Canada,30783969,,0.957175604728655
2001,Canada,31128873,,1.1204013361629794
2002,Canada,31450677,,1.0337797966537332
2003,Canada,31736141,,0.9076561372589831
2004,Canada,32038207,,0.9518044427644812
2005,Canada,32353311,,0.9835257010481158
2006,Canada,32680839,,1.0123477006727333
2007,Canada,33001918,,0.9824686569399166
2008,Canada,33372978,,1.1243588933224968
2009,Canada,33758581,,1.1554347951806987
2010,Canada,34132531,,1.1077183605554985
2011,Canada,34457713,,0.9527040347520721
2012,Canada,34834973,,1.0948492141657828
2013,Canada,35209597,,1.0754249759286516
2014,Canada,35555305,,0.9818573044161782
2015,Canada,35823591,,0.7545596922878373
2016,Canada,36257421,,1.2110176224376934
2017,Canada,36722075,,1.281541784232254
2018,Canada,37259485,,1.4634521605873196
2019,Canada,37828162,,1.526261031251508
2020,Canada,38027406,,0.5267081176188348
2021,Canada,38460257,,1.1382606533824502
2022,Canada,39284491,,2.1430798031328857
2023,Canada,40467722,,3.0119545140600223
2024,Canada,41494132,,2.5363671323036074
2025,Canada,41575585,,0.1963000455100561
2026,Canada,41417056,,-0.3813031133536704
1951,Manitoba,784000,,
1952,Manitoba,802000,,2.2959183673469497
1953,Manitoba,814000,,1.4962593516209433
1954,Manitoba,830000,,1.9656019656019597
1955,Manitoba,844000,,1.6867469879518149
1956,Manitoba,852000,,0.9478672985782088
1957,Manitoba,863000,,1.2910798122065748
1958,Manitoba,881000,,2.085747392815751
1959,Manitoba,896000,,1.7026106696935273
1960,Manitoba,911000,,1.6741071428571397
1961,Manitoba,927000,,1.7563117453347932
1962,Manitoba,940000,,1.4023732470334505
1963,Manitoba,953000,,1.382978723404249
1964,Manitoba,961000,,0.8394543546694555
1965,Manitoba,963000,,0.20811654526535772
1966,Manitoba,959000,,-0.41536863966770143
1967,Manitoba,966000,,0.7299270072992803
1968,Manitoba,974000,,0.8281573498964745
1969,Manitoba,979000,,0.5133470225872738
1970,Manitoba,982000,,0.3064351378958108
1971,Manitoba,998957,,1.7267820773930742
1972,Manitoba,1001682,,0.2727845142483698
1973,Manitoba,1008908,,0.721386627692211
1974,Manitoba,1018954,,0.99573003683191
1975,Manitoba,1026093,,0.7006204401768912
1976,Manitoba,1033171,,0.6898010219346551
1977,Manitoba,1038470,,0.5128870245099781
1978,Manitoba,1038528,,0.005585139676633766
1979,Manitoba,1034189,,-0.4178028902446562
1980,Manitoba,1034017,,-0.016631389426879917
1981,Manitoba,1037183,,0.3061845211442371
1982,Manitoba,1049816,,1.2180107078500146
1983,Manitoba,1063952,,1.3465216761794352
1984,Manitoba,1075088,,1.0466637592673411
1985,Manitoba,1085016,,0.9234592889140192
1986,Manitoba,1092636,,0.7022937910593052
1987,Manitoba,1098195,,0.5087696176951928
1988,Manitoba,1101074,,0.2621574492690293
1989,Manitoba,1102522,,0.13150796404237663
1990,Manitoba,1105098,,0.23364613132437206
1991,Manitoba,1109400,,0.38928674199030233
1992,Manitoba,1113209,,0.34333874166216916
1993,Manitoba,1118603,,0.4845451303393977
1994,Manitoba,1124263,,0.5059882728724929
1995,Manitoba,1129547,,0.46999678900756514
1996,Manitoba,1134619,,0.44902956672010497
1997,Manitoba,1135649,,0.09077937175385742
1998,Manitoba,1138328,,0.2359003530139958
1999,Manitoba,1143618,,0.46471667217182766
2000,Manitoba,1148183,,0.39917175140649075
2001,Manitoba,1152144,,0.3449798507729085
2002,Manitoba,1157289,,0.44655876348789203
2003,Manitoba,1165518,,0.7110583441128471
2004,Manitoba,1174667,,0.7849728618519736
2005,Manitoba,1179082,,0.3758511986801327
2006,Manitoba,1183975,,0.4149838603252354
2007,Manitoba,1191684,,0.6511117211089656
2008,Manitoba,1199551,,0.6601582298663144
2009,Manitoba,1211881,,1.0278846001545494
2010,Manitoba,1224663,,1.0547240199326513
2011,Manitoba,1237390,,1.039224668337324
2012,Manitoba,1253210,,1.2784974826045126
2013,Manitoba,1267105,,1.1087527230073224
2014,Manitoba,1281690,,1.1510490448700006
2015,Manitoba,1298120,,1.2819012397693674
2016,Manitoba,1319800,,1.6701075401349685
2017,Manitoba,1340426,,1.562812547355663
2018,Manitoba,1357856,,1.3003328792488444
2019,Manitoba,1373884,,1.1803902622958606
2020,Manitoba,1381809,,0.5768318140396023
2021,Manitoba,1396656,,1.0744610868795856
2022,Manitoba,1424475,,1.991829054541716
2023,Manitoba,1462439,,2.6651222380175144
2024,Manitoba,1500464,,2.600108448967786
2025,Manitoba,1507057,,0.43939741306688873
2026,Manitoba,1503865,,-0.21180353496914606
1951,New Brunswick,519000,,
1952,New Brunswick,529000,,1.9267822736030782
1953,New Brunswick,535000,,1.1342155009451904
1954,New Brunswick,543000,,1.495327102803734
1955,New Brunswick,550000,,1.2891344383057168
1956,New Brunswick,557000,,1.2727272727272698
1957,New Brunswick,565000,,1.4362657091562037
1958,New Brunswick,574000,,1.5929203539823078
1959,New Brunswick,584000,,1.7421602787456525
1960,New Brunswick,591000,,1.1986301369863117
1961,New Brunswick,600000,,1.522842639593902
1962,New Brunswick,607000,,1.1666666666666714
1963,New Brunswick,609000,,0.32948929159801743
1964,New Brunswick,612000,,0.49261083743843415
1965,New Brunswick,616000,,0.6535947712418277
1966,New Brunswick,617000,,0.16233766233766378
1967,New Brunswick,622000,,0.8103727714748876
1968,New Brunswick,628000,,0.9646302250803762
1969,New Brunswick,628000,,0.0
1970,New Brunswick,628000,,0.0
1971,New Brunswick,644717,,2.6619426751592457
1972,New Brunswick,651182,,1.0027655544990965
1973,New Brunswick,658693,,1.153440973491282
1974,New Brunswick,669506,,1.6415841674346066
1975,New Brunswick,682086,,1.8789973502851387
1976,New Brunswick,690936,,1.2974903457921627
1977,New Brunswick,696378,,0.7876272187293809
1978,New Brunswick,699937,,0.5110730091990368
1979,New Brunswick,703038,,0.4430398735886243
1980,New Brunswick,705237,,0.3127853686429427
1981,New Brunswick,706008,,0.10932495033584289
1982,New Brunswick,709894,,0.550418692139476
1983,New Brunswick,716531,,0.9349283132411346
1984,New Brunswick,721509,,0.6947361663347529
1985,New Brunswick,723955,,0.3390117101796264
1986,New Brunswick,725304,,0.18633754860453156
1987,New Brunswick,728100,,0.3854935309883789
1988,New Brunswick,731671,,0.4904546078835281
1989,New Brunswick,736352,,0.6397684205059484
1990,New Brunswick,741981,,0.7644441788709821
1991,New Brunswick,745886,,0.5262937999760187
1992,New Brunswick,747746,,0.24936786586691184
1993,New Brunswick,749454,,0.2284198110053426
1994,New Brunswick,750670,,0.16225145239068262
1995,New Brunswick,751174,,0.06714002158072496
1996,New Brunswick,752526,,0.17998493025583873
1997,New Brunswick,752248,,-0.036942245184878875
1998,New Brunswick,750708,,-0.20471972009230566
1999,New Brunswick,750643,,-0.008658493049229499
2000,New Brunswick,750252,,-0.05208867597512601
2001,New Brunswick,749298,,-0.12715727515554276
2002,New Brunswick,749416,,0.01574807353015295
2003,New Brunswick,749467,,0.006805299059542413
2004,New Brunswick,749249,,-0.029087338068256585
2005,New Brunswick,747674,,-0.21021049077142306
2006,New Brunswick,744973,,-0.36125370147952474
2007,New Brunswick,746136,,0.15611304033837925
2008,New Brunswick,747767,,0.21859285706626874
2009,New Brunswick,751066,,0.4411802072035842
2010,New Brunswick,754287,,0.42885711774998114
2011,New Brunswick,756187,,0.25189351003001015
2012,New Brunswick,758408,,0.29371041819021837
2013,New Brunswick,758379,,-0.0038237993270073822
2014,New Brunswick,759192,,0.10720233550771674
2015,New Brunswick,759971,,0.10260908966375215
2016,New Brunswick,764820,,0.6380506624594995
2017,New Brunswick,768029,,0.4195758479119238
2018,New Brunswick,772793,,0.6202890776259684
2019,New Brunswick,780907,,1.0499577506525082
2020,New Brunswick,783814,,0.3722594367831178
2021,New Brunswick,795691,,1.515282962539577
2022,New Brunswick,816420,,2.605157027036875
2023,New Brunswick,840130,,2.904142475686533
2024,New Brunswick,863841,,2.822301310511466
2025,New Brunswick,868630,,0.5543844295420097
2026,New Brunswick,866497,,-0.24555909881076587
1951,Newfoundland and Labrador,365000,,
1952,Newfoundland and Labrador,377000,,3.287671232876721
1953,Newfoundland and Labrador,387000,,2.652519893899208
1954,Newfoundland and Labrador,399000,,3.100775193798455
1955,Newfoundland and Labrador,410000,,2.7568922305764465
1956,Newfoundland and Labrador,418000,,1.9512195121951237
1957,Newfoundland and Labrador,427000,,2.1531100478468845
1958,Newfoundland and Labrador,435000,,1.87353629976581
1959,Newfoundland and Labrador,443000,,1.839080459770126
1960,Newfoundland and Labrador,452000,,2.0316027088036037
1961,Newfoundland and Labrador,462000,,2.212389380530966
1962,Newfoundland and Labrador,471000,,1.9480519480519431
1963,Newfoundland and Labrador,479000,,1.698513800424628
1964,Newfoundland and Labrador,485000,,1.2526096033402823
1965,Newfoundland and Labrador,489000,,0.8247422680412342
1966,Newfoundland and Labrador,496000,,1.4314928425357865
1967,Newfoundland and Labrador,502000,,1.2096774193548487
1968,Newfoundland and Labrador,509000,,1.3944223107569709
1969,Newfoundland and Labrador,516000,,1.3752455795677854
1970,Newfoundland and Labrador,519000,,0.5813953488372103
1971,Newfoundland and Labrador,534471,,2.9809248554913292
1972,Newfoundland and Labrador,541472,,1.3098933337823748
1973,Newfoundland and Labrador,546717,,0.968655812304231
1974,Newfoundland and Labrador,551508,,0.8763217533019896
1975,Newfoundland and Labrador,558900,,1.3403250723470927
1976,Newfoundland and Labrador,563591,,0.8393272499552795
1977,Newfoundland and Labrador,566116,,0.44801992934593304
1978,Newfoundland and Labrador,568417,,0.4064538009877827
1979,Newfoundland and Labrador,570976,,0.4501976541869679
1980,Newfoundland and Labrador,573582,,0.45641147789048375
1981,Newfoundland and Labrador,575276,,0.2953370224309637
1982,Newfoundland and Labrador,575898,,0.10812201447651937
1983,Newfoundland and Labrador,579603,,0.6433430920058658
1984,Newfoundland and Labrador,579356,,-0.042615376386945236
1985,Newfoundland and Labrador,577784,,-0.2713357590151788
1986,Newfoundland and Labrador,575396,,-0.4133032413497051
1987,Newfoundland and Labrador,574094,,-0.22627894528289838
1988,Newfoundland and Labrador,574645,,0.0959773138196951
1989,Newfoundland and Labrador,575594,,0.16514543761800837
1990,Newfoundland and Labrador,577113,,0.26390129153535113
1991,Newfoundland and Labrador,579549,,0.4221010443361983
1992,Newfoundland and Labrador,579624,,0.012941097301522042
1993,Newfoundland and Labrador,578194,,-0.24671166135287192
1994,Newfoundland and Labrador,572068,,-1.059505978962083
1995,Newfoundland and Labrador,565008,,-1.234119020815705
1996,Newfoundland and Labrador,557281,,-1.3675912553450575
1997,Newfoundland and Labrador,547639,,-1.7301863871188816
1998,Newfoundland and Labrador,537908,,-1.776900476408727
1999,Newfoundland and Labrador,532246,,-1.052596354766988
2000,Newfoundland and Labrador,526732,,-1.035987118738324
2001,Newfoundland and Labrador,521583,,-0.9775369637690545
2002,Newfoundland and Labrador,519387,,-0.4210259920281123
2003,Newfoundland and Labrador,518718,,-0.12880568824402694
2004,Newfoundland and Labrador,516863,,-0.35761242139273897
2005,Newfoundland and Labrador,513725,,-0.6071241315396936
2006,Newfoundland and Labrador,510325,,-0.6618326925884488
2007,Newfoundland and Labrador,510256,,-0.013520795571453359
2008,Newfoundland and Labrador,513425,,0.6210608008529128
2009,Newfoundland and Labrador,518975,,1.0809757997760183
2010,Newfoundland and Labrador,522861,,0.7487836600992281
2011,Newfoundland and Labrador,525845,,0.5707061723861706
2012,Newfoundland and Labrador,527065,,0.23200753073624458
2013,Newfoundland and Labrador,527948,,0.16753151888286855
2014,Newfoundland and Labrador,528266,,0.06023320478532046
2015,Newfoundland and Labrador,528843,,0.10922527665986337
2016,Newfoundland and Labrador,530368,,0.288365356069753
2017,Newfoundland and Labrador,530153,,-0.04053789067213209
2018,Newfoundland and Labrador,528926,,-0.23144262128103055
2019,Newfoundland and Labrador,528442,,-0.09150618422992807
2020,Newfoundland and Labrador,526046,,-0.4534083210645634
2021,Newfoundland and Labrador,528342,,0.4364637313086783
2022,Newfoundland and Labrador,533194,,0.9183445571239846
2023,Newfoundland and Labrador,541126,,1.4876386455961566
2024,Newfoundland and Labrador,548402,,1.344603659776089
2025,Newfoundland and Labrador,549738,,0.24361690876399944
2026,Newfoundland and Labrador,547910,,-0.33252203777072165
1951,Nova Scotia,646000,,
1952,Nova Scotia,657000,,1.7027863777089758
1953,Nova Scotia,667000,,1.5220700152207112
1954,Nova Scotia,676000,,1.3493253373313419
1955,Nova Scotia,688000,,1.775147928994092
1956,Nova Scotia,695000,,1.017441860465107
1957,Nova Scotia,702000,,1.0071942446043147
1958,Nova Scotia,713000,,1.5669515669515688
1959,Nova Scotia,722000,,1.2622720897615736
1960,Nova Scotia,731000,,1.2465373961218829
1961,Nova Scotia,740000,,1.2311901504787892
1962,Nova Scotia,748000,,1.08108108108107
1963,Nova Scotia,752000,,0.5347593582887722
1964,Nova Scotia,756000,,0.5319148936170137
1965,Nova Scotia,755000,,-0.1322751322751281
1966,Nova Scotia,756000,,0.13245033112583293
1967,Nova Scotia,762000,,0.7936507936507908
1968,Nova Scotia,771000,,1.1811023622047223
1969,Nova Scotia,778000,,0.9079118028534339
1970,Nova Scotia,784000,,0.7712082262210762
1971,Nova Scotia,798804,,1.8882653061224497
1972,Nova Scotia,805317,,0.8153439391890949
1973,Nova Scotia,814351,,1.1217942748011023
1974,Nova Scotia,821251,,0.8473004883643442
1975,Nova Scotia,830351,,1.1080656218378948
1976,Nova Scotia,837578,,0.870354825850761
1977,Nova Scotia,842051,,0.5340398147993364
1978,Nova Scotia,846612,,0.5416536528072502
1979,Nova Scotia,850336,,0.439870920799601
1980,Nova Scotia,853389,,0.3590345463440281
1981,Nova Scotia,857038,,0.4275892939796577
1982,Nova Scotia,862255,,0.6087244672931647
1983,Nova Scotia,872143,,1.1467605290778282
1984,Nova Scotia,881323,,1.0525796801671206
1985,Nova Scotia,887408,,0.6904392600669773
1986,Nova Scotia,891078,,0.4135639976200256
1987,Nova Scotia,894585,,0.39356823981739897
1988,Nova Scotia,899462,,0.5451689889725442
1989,Nova Scotia,906644,,0.7984773119931621
1990,Nova Scotia,911749,,0.5630655472269153
1991,Nova Scotia,916896,,0.5645194017213084
1992,Nova Scotia,921619,,0.5151074931071697
1993,Nova Scotia,925851,,0.45919192204153525
1994,Nova Scotia,927778,,0.20813284210958738
1995,Nova Scotia,930028,,0.242514911972469
1996,Nova Scotia,932276,,0.24171315272227822
1997,Nova Scotia,932735,,0.049234346910131954
1998,Nova Scotia,932740,,0.0005360579371505025
1999,Nova Scotia,935941,,0.34318245170144035
2000,Nova Scotia,934459,,-0.15834331437558635
2001,Nova Scotia,933318,,-0.12210273537950345
2002,Nova Scotia,935959,,0.2829689344896469
2003,Nova Scotia,938744,,0.29755576900269975
2004,Nova Scotia,939855,,0.11834962460479659
2005,Nova Scotia,938755,,-0.11703933053502924
2006,Nova Scotia,937060,,-0.1805582926322602
2007,Nova Scotia,935433,,-0.17362815614795357
2008,Nova Scotia,937108,,0.1790614613767172
2009,Nova Scotia,940558,,0.3681539374330356
2010,Nova Scotia,944201,,0.3873232698036633
2011,Nova Scotia,944645,,0.047023885803976206
2012,Nova Scotia,942829,,-0.19224152988689402
2013,Nova Scotia,939442,,-0.35923799543713386
2014,Nova Scotia,938157,,-0.13678332456926734
2015,Nova Scotia,938914,,0.0806901190312459
2016,Nova Scotia,946623,,0.8210549635003783
2017,Nova Scotia,956074,,0.9983911229708209
2018,Nova Scotia,967578,,1.2032541414158215
2019,Nova Scotia,982592,,1.5517095262604252
2020,Nova Scotia,989154,,0.6678255064156868
2021,Nova Scotia,1006562,,1.7598877424546577
2022,Nova Scotia,1033146,,2.6410693032321797
2023,Nova Scotia,1062825,,2.872682079783506
2024,Nova Scotia,1088273,,2.3943734857573062
2025,Nova Scotia,1091857,,0.3293291297312262
2026,Nova Scotia,1090852,,-0.09204502054755981
1951,Ontario,4665000,,
1952,Ontario,4841000,,3.7727759914255143
1953,Ontario,5002000,,3.325759140673412
1954,Ontario,5174000,,3.438624550179936
1955,Ontario,5311000,,2.6478546579049134
1956,Ontario,5470000,,2.993786480888727
1957,Ontario,5722000,,4.606946983546623
1958,Ontario,5874000,,2.6564138413142313
1959,Ontario,6020000,,2.4855294518215887
1960,Ontario,6158000,,2.292358803986705
1961,Ontario,6275000,,1.8999675219226964
1962,Ontario,6395000,,1.912350597609569
1963,Ontario,6535000,,2.18921032056294
1964,Ontario,6687000,,2.3259372609028217
1965,Ontario,6849000,,2.4226110363391617
1966,Ontario,7025000,,2.56971820703753
1967,Ontario,7186000,,2.2918149466192084
1968,Ontario,7305000,,1.655997773448381
1969,Ontario,7442000,,1.8754277891854798
1970,Ontario,7613000,,2.2977694168234253
1971,Ontario,7882241,,3.5365952975173975
1972,Ontario,7992037,,1.3929541103856025
1973,Ontario,8107108,,1.4398206614909315
1974,Ontario,8240114,,1.6406096970707607
1975,Ontario,8352911,,1.3688766927253626
1976,Ontario,8438765,,1.027833290693514
1977,Ontario,8530102,,1.0823503202186613
1978,Ontario,8604263,,0.8694034373797566
1979,Ontario,8674941,,0.8214300283475806
1980,Ontario,8757388,,0.9504041583683343
1981,Ontario,8846005,,1.0119113141955127
1982,Ontario,8957042,,1.255221990039579
1983,Ontario,9074145,,1.3073847370594027
1984,Ontario,9210346,,1.5009788801038537
1985,Ontario,9338435,,1.3907077975138016
1986,Ontario,9493289,,1.6582435922078975
1987,Ontario,9702789,,2.2068221034880597
1988,Ontario,9917210,,2.2098903727577612
1989,Ontario,10167642,,2.5252263489428994
1990,Ontario,10344678,,1.7411706667091575
1991,Ontario,10465562,,1.1685622307431975
1992,Ontario,10610665,,1.3864807260231204
1993,Ontario,10728737,,1.1127672016786994
1994,Ontario,10860406,,1.2272553609991466
1995,Ontario,10993416,,1.2247240112386315
1996,Ontario,11130574,,1.2476376769513742
1997,Ontario,11278893,,1.3325368485039402
1998,Ontario,11408804,,1.151806298720981
1999,Ontario,11559464,,1.3205591050560628
2000,Ontario,11748348,,1.6340204009459347
2001,Ontario,11961546,,1.8147062037998873
2002,Ontario,12145100,,1.534534081129646
2003,Ontario,12290116,,1.1940288676091537
2004,Ontario,12435931,,1.1864412020195836
2005,Ontario,12578240,,1.1443373238400945
2006,Ontario,12701324,,0.9785470781285666
2007,Ontario,12807497,,0.8359207276343872
2008,Ontario,12927520,,0.9371308070577733
2009,Ontario,13048442,,0.935384358330138
2010,Ontario,13189987,,1.0847655221979835
2011,Ontario,13310604,,0.9144588239548668
2012,Ontario,13436625,,0.946771461310103
2013,Ontario,13559499,,0.9144707097206384
2014,Ontario,13661282,,0.750639828211952
2015,Ontario,13759762,,0.7208693883926864
2016,Ontario,13948180,,1.3693405452797736
2017,Ontario,14161084,,1.526392690659284
2018,Ontario,14413055,,1.7793200012089505
2019,Ontario,14666727,,1.7600154859604755
2020,Ontario,14757582,,0.6194633608439082
2021,Ontario,14947417,,1.2863557187078545
2022,Ontario,15305369,,2.39474151286474
2023,Ontario,15823956,,3.388268521980753
2024,Ontario,16228152,,2.5543296505627255
2025,Ontario,16191372,,-0.22664318155265484
2026,Ontario,16103890,,-0.5403001055129808
1951,Prince Edward Island,99000,,
1952,Prince Edward Island,101000,,2.020202020202011
1953,Prince Edward Island,101000,,0.0
1954,Prince Edward Island,101000,,0.0
1955,Prince Edward Island,100000,,-0.990099009900991
1956,Prince Edward Island,99000,,-1.0000000000000009
1957,Prince Edward Island,99000,,0.0
1958,Prince Edward Island,101000,,2.020202020202011
1959,Prince Edward Island,102000,,0.990099009900991
1960,Prince Edward Island,104000,,1.9607843137254832
1961,Prince Edward Island,106000,,1.9230769230769162
1962,Prince Edward Island,107000,,0.9433962264151052
1963,Prince Edward Island,109000,,1.869158878504673
1964,Prince Edward Island,109000,,0.0
1965,Prince Edward Island,109000,,0.0
1966,Prince Edward Island,109000,,0.0
1967,Prince Edward Island,109000,,0.0
1968,Prince Edward Island,111000,,1.83486238532109
1969,Prince Edward Island,111000,,0.0
1970,Prince Edward Island,111000,,0.0
1971,Prince Edward Island,112874,,1.6882882882882866
1972,Prince Edward Island,113960,,0.9621347697432503
1973,Prince Edward Island,114944,,0.8634608634608743
1974,Prince Edward Island,116401,,1.267573775055686
1975,Prince Edward Island,118009,,1.3814314310014453
1976,Prince Edward Island,118925,,0.7762119838317316
1977,Prince Edward Island,120459,,1.2898885852427933
1978,Prince Edward Island,121952,,1.2394258627416832
1979,Prince Edward Island,123002,,0.8609944896352584
1980,Prince Edward Island,123445,,0.3601567454187826
1981,Prince Edward Island,123496,,0.04131394548179124
1982,Prince Edward Island,123919,,0.34252121526203716
1983,Prince Edward Island,125634,,1.3839685601078067
1984,Prince Edward Island,126877,,0.9893818552302758
1985,Prince Edward Island,127864,,0.7779187717237956
1986,Prince Edward Island,128281,,0.32612776074578687
1987,Prince Edward Island,128758,,0.3718399451204668
1988,Prince Edward Island,129327,,0.44191428882089934
1989,Prince Edward Island,129900,,0.4430629334941649
1990,Prince Edward Island,130367,,0.3595073133179305
1991,Prince Edward Island,130360,,-0.00536945699448621
1992,Prince Edward Island,131201,,0.6451365449524404
1993,Prince Edward Island,132467,,0.9649316697281307
1994,Prince Edward Island,133800,,1.0062883586100746
1995,Prince Edward Island,134971,,0.8751868460388668
1996,Prince Edward Island,136004,,0.7653495936164045
1997,Prince Edward Island,136165,,0.11837887120966784
1998,Prince Edward Island,135908,,-0.18874160026438602
1999,Prince Edward Island,136424,,0.37966859934661645
2000,Prince Edward Island,136400,,-0.017592212513928285
2001,Prince Edward Island,136876,,0.34897360703811664
2002,Prince Edward Island,137082,,0.1505011835529979
2003,Prince Edward Island,137430,,0.25386265155162846
2004,Prince Edward Island,137697,,0.1942807247325984
2005,Prince Edward Island,138133,,0.31663725426116507
2006,Prince Edward Island,137898,,-0.17012589316094395
2007,Prince Edward Island,138020,,0.08847118884973693
2008,Prince Edward Island,139448,,1.0346326619330437
2009,Prince Edward Island,140596,,0.8232459411393389
2010,Prince Edward Island,142725,,1.5142678312327629
2011,Prince Edward Island,144283,,1.0916097390085922
2012,Prince Edward Island,144396,,0.07831830499782644
2013,Prince Edward Island,143943,,-0.3137206016787131
2014,Prince Edward Island,144342,,0.27719305558451257
2015,Prince Edward Island,144949,,0.4205290213520563
2016,Prince Edward Island,147699,,1.8972190218628615
2017,Prince Edward Island,150595,,1.9607444870987534
2018,Prince Edward Island,153906,,2.198612171718839
2019,Prince Edward Island,157025,,2.0265616675113396
2020,Prince Edward Island,159179,,1.371756089794629
2021,Prince Edward Island,163580,,2.7648119412736705
2022,Prince Edward Island,168939,,3.2760728695439445
2023,Prince Edward Island,176173,,4.282018953586797
2024,Prince Edward Island,180877,,2.6701026831580377
2025,Prince Edward Island,182508,,0.901717741890895
2026,Prince Edward Island,181715,,-0.4345015013040521
1951,Quebec,4095000,,
1952,Quebec,4209000,,2.783882783882774
1953,Quebec,4310000,,2.399619862200053
1954,Quebec,4436000,,2.9234338747099686
1955,Quebec,4557000,,2.7276825969341667
1956,Quebec,4671000,,2.501645819618159
1957,Quebec,4825000,,3.2969385570541743
1958,Quebec,4947000,,2.5284974093264356
1959,Quebec,5068000,,2.445926824337974
1960,Quebec,5187000,,2.3480662983425438
1961,Quebec,5300000,,2.1785232311548164
1962,Quebec,5413000,,2.132075471698114
1963,Quebec,5518000,,1.939774616663592
1964,Quebec,5621000,,1.8666183399782543
1965,Quebec,5720000,,1.7612524461839474
1966,Quebec,5808000,,1.538461538461533
1967,Quebec,5888000,,1.377410468319562
1968,Quebec,5949000,,1.0360054347826164
1969,Quebec,6001000,,0.8740964868044987
1970,Quebec,6021000,,0.3332777870354908
1971,Quebec,6148121,,2.1112938050157792
1972,Quebec,6182065,,0.5521036427227122
1973,Quebec,6227045,,0.727588597014095
1974,Quebec,6286708,,0.9581270088782068
1975,Quebec,6348244,,0.9788270745197725
1976,Quebec,6404158,,0.880778999672982
1977,Quebec,6431509,,0.427081905224691
1978,Quebec,6442774,,0.17515329606161423
1979,Quebec,6472095,,0.4550989992819776
1980,Quebec,6515323,,0.6679135581291629
1981,Quebec,6558545,,0.6633899808190735
1982,Quebec,6584666,,0.3982743123665422
1983,Quebec,6608417,,0.3607016665689633
1984,Quebec,6640276,,0.48209730106316684
1985,Quebec,6676959,,0.5524318567481146
1986,Quebec,6727250,,0.753202168831657
1987,Quebec,6796640,,1.0314764576907276
1988,Quebec,6864044,,0.9917253231008338
1989,Quebec,6946945,,1.20775740948047
1990,Quebec,7019039,,1.0377799162077705
1991,Quebec,7080336,,0.8732961876974921
1992,Quebec,7129062,,0.68818767922878
1993,Quebec,7172016,,0.6025196582664094
1994,Quebec,7201106,,0.40560422620361525
1995,Quebec,7228600,,0.3818024620106941
1996,Quebec,7257616,,0.4014055280413986
1997,Quebec,7282871,,0.3479792813507965
1998,Quebec,7305302,,0.3079966677976387
1999,Quebec,7334722,,0.40272120166968683
2000,Quebec,7368772,,0.4642302734854775
2001,Quebec,7411084,,0.5742069370581637
2002,Quebec,7455548,,0.5999662127699645
2003,Quebec,7503483,,0.642944019675018
2004,Quebec,7553578,,0.6676232890778788
2005,Quebec,7598880,,0.5997422678365227
2006,Quebec,7652881,,0.7106442001979296
2007,Quebec,7712616,,0.7805557149000553
2008,Quebec,7786609,,0.9593761701606862
2009,Quebec,7871847,,1.094674202852608
2010,Quebec,7955183,,1.0586587874484854
2011,Quebec,8021063,,0.8281393401006643
2012,Quebec,8076838,,0.6953567126950722
2013,Quebec,8122462,,0.5648745214402062
2014,Quebec,8162631,,0.4945421720655707
2015,Quebec,8190074,,0.33620287380380365
2016,Quebec,8246383,,0.6875273654425973
2017,Quebec,8326075,,0.9663873239940557
2018,Quebec,8418646,,1.1118203955645445
2019,Quebec,8521542,,1.2222393007141452
2020,Quebec,8551865,,0.35583935395731014
2021,Quebec,8604508,,0.6155733281570708
2022,Quebec,8718914,,1.3296053650016848
2023,Quebec,8882501,,1.876231374687265
2024,Quebec,9038268,,1.7536389807330188
2025,Quebec,9058089,,0.2193008660508866
2026,Quebec,9016222,,-0.46220565949396386
1951,Saskatchewan,836000,,
1952,Saskatchewan,850000,,1.674641148325362
1953,Saskatchewan,866000,,1.8823529411764683
1954,Saskatchewan,877000,,1.2702078521940052
1955,Saskatchewan,880000,,0.3420752565564511
1956,Saskatchewan,880000,,0.0
1957,Saskatchewan,884000,,0.454545454545463
1958,Saskatchewan,898000,,1.5837104072398134
1959,Saskatchewan,912000,,1.5590200445434244
1960,Saskatchewan,918000,,0.6578947368421018
1961,Saskatchewan,929000,,1.1982570806100323
1962,Saskatchewan,931000,,0.21528525296017342
1963,Saskatchewan,935000,,0.42964554242750363
1964,Saskatchewan,946000,,1.17647058823529
1965,Saskatchewan,953000,,0.7399577167019
1966,Saskatchewan,957000,,0.41972717733473885
1967,Saskatchewan,959000,,0.2089864158829613
1968,Saskatchewan,962000,,0.31282586027112647
1969,Saskatchewan,955000,,-0.7276507276507305
1970,Saskatchewan,933000,,-2.3036649214659644
1971,Saskatchewan,928061,,-0.5293676312968953
1972,Saskatchewan,916659,,-1.2285830349513693
1973,Saskatchewan,908856,,-0.8512434831273175
1974,Saskatchewan,908714,,-0.015624037251227296
1975,Saskatchewan,922468,,1.5135675250959046
1976,Saskatchewan,936235,,1.4924094927954101
1977,Saskatchewan,947400,,1.1925424706403787
1978,Saskatchewan,954473,,0.746569558792487
1979,Saskatchewan,961723,,0.7595814653740929
1980,Saskatchewan,970183,,0.8796711735083784
1981,Saskatchewan,979469,,0.9571390139798464
1982,Saskatchewan,991621,,1.2406722417963145
1983,Saskatchewan,1005175,,1.3668528601149088
1984,Saskatchewan,1018785,,1.35399308578108
1985,Saskatchewan,1027418,,0.8473819304367414
1986,Saskatchewan,1029554,,0.20789980319597667
1987,Saskatchewan,1031995,,0.23709295481344483
1988,Saskatchewan,1025453,,-0.6339177999893364
1989,Saskatchewan,1016043,,-0.9176432269445756
1990,Saskatchewan,1004214,,-1.164222380352009
1991,Saskatchewan,1000942,,-0.32582696516877396
1992,Saskatchewan,1002960,,0.20161008330152885
1993,Saskatchewan,1007016,,0.4044029672170435
1994,Saskatchewan,1010784,,0.3741747896756298
1995,Saskatchewan,1015349,,0.4516296261120045
1996,Saskatchewan,1019408,,0.399764022025928
1997,Saskatchewan,1017426,,-0.1944265691460112
1998,Saskatchewan,1017748,,0.03164849335479669
1999,Saskatchewan,1012582,,-0.5075912701375973
2000,Saskatchewan,1006027,,-0.6473549796460976
2001,Saskatchewan,999241,,-0.6745345800858282
2002,Saskatchewan,996324,,-0.2919215684704657
2003,Saskatchewan,996585,,0.026196297589931028
2004,Saskatchewan,997010,,0.042645634842997104
2005,Saskatchewan,993299,,-0.37221291662069556
2006,Saskatchewan,993359,,0.006040477237978514
2007,Saskatchewan,1007305,,1.4039234556691094
2008,Saskatchewan,1022511,,1.5095725723589082
2009,Saskatchewan,1039530,,1.6644319718809975
2010,Saskatchewan,1056102,,1.594181986089871
2011,Saskatchewan,1069950,,1.3112369827914305
2012,Saskatchewan,1088177,,1.7035375484835802
2013,Saskatchewan,1102832,,1.3467478176804049
2014,Saskatchewan,1115184,,1.1200255342608934
2015,Saskatchewan,1125588,,0.9329402143502863
2016,Saskatchewan,1139492,,1.235265479020753
2017,Saskatchewan,1151044,,1.0137850901980938
2018,Saskatchewan,1159648,,0.7474953172945664
2019,Saskatchewan,1167271,,0.6573546455476142
2020,Saskatchewan,1165963,,-0.11205624058165942
2021,Saskatchewan,1168934,,0.2548108301893004
2022,Saskatchewan,1188295,,1.6562953939230018
2023,Saskatchewan,1222152,,2.8492083194829654
2024,Saskatchewan,1256983,,2.849972834802883
2025,Saskatchewan,1266234,,0.7359685850962139
2026,Saskatchewan,1266092,,-0.011214356904021283
