year,region,housing_starts_saar,housing_starts_growth_pct
1990,Alberta,17620.583333333332,
1991,Alberta,12225.333333333334,-30.619020369170514
1992,Alberta,18505.083333333332,51.366697567891784
1993,Alberta,18196.416666666668,-1.6680101413575454
1994,Alberta,17672.0,-2.881977678755443
1995,Alberta,13967.75,-20.96112494341331
1996,Alberta,16433.75,17.654955164575536
1997,Alberta,23800.583333333332,44.827463806698596
1998,Alberta,27073.666666666668,13.752113918776509
1999,Alberta,25253.083333333332,-6.724553994656568
2000,Alberta,26301.5,4.151638248794698
2001,Alberta,29081.0,10.567838336216573
2002,Alberta,38924.333333333336,33.84798780417915
2003,Alberta,36373.583333333336,-6.553098747141894
2004,Alberta,36293.916666666664,-0.2190234213016451
2005,Alberta,40729.833333333336,12.222204363908574
2006,Alberta,49074.166666666664,20.487030391318385
2007,Alberta,48556.0,-1.0558848002173549
2008,Alberta,29265.083333333332,-39.72921300491529
2009,Alberta,20021.666666666668,-31.585137009120643
2010,Alberta,27378.75,36.745608923666026
2011,Alberta,25543.166666666668,-6.704408832884379
2012,Alberta,33285.0,30.3088236253662
2013,Alberta,36111.833333333336,8.49281458114266
2014,Alberta,40563.666666666664,12.327907288008078
2015,Alberta,37520.5,-7.502198190498877
2016,Alberta,24619.083333333332,-34.3849806550197
2017,Alberta,29321.833333333332,19.102051592768476
2018,Alberta,26272.5,-10.399531634561276
2019,Alberta,27352.5,4.110762203825291
2020,Alberta,24200.083333333332,-11.525150047222986
2021,Alberta,31930.75,31.944793578534526
2022,Alberta,36432.416666666664,14.098217757699594
2023,Alberta,35944.25,-1.3399239230630133
2024,Alberta,47712.916666666664,32.741444505495764
2025,Alberta,55019.75,15.314161958239826
2026,Alberta,46708.0,-15.106847995492522
1990,British Columbia,37496.5,
1991,British Columbia,31504.0,-15.981491605883214
1992,British Columbia,40792.083333333336,29.482235060098194
1993,British Columbia,43143.25,5.763781779552812
1994,British Columbia,39399.583333333336,-8.677294053337814
1995,British Columbia,27299.333333333332,-30.711619200710672
1996,British Columbia,27565.833333333332,0.9762143153678959
1997,British Columbia,29313.0,6.338160162036344
1998,British Columbia,20274.333333333332,-30.835010632370174
1999,British Columbia,16328.166666666666,-19.46385413412689
2000,British Columbia,14444.083333333334,-11.538854127325981
2001,British Columbia,17243.833333333332,19.383369199614584
2002,British Columbia,21572.916666666668,25.105110039337752
2003,British Columbia,26337.333333333332,22.08517624336068
2004,British Columbia,32972.666666666664,25.19364147218144
2005,British Columbia,34425.666666666664,4.406680280636488
2006,British Columbia,36438.666666666664,5.847381314329425
2007,British Columbia,39480.75,8.348503421274112
2008,British Columbia,34230.0,-13.299519386029901
2009,British Columbia,15973.416666666666,-53.33503749147921
2010,British Columbia,26630.0,66.71448917733109
2011,British Columbia,26313.083333333332,-1.1900738515458809
2012,British Columbia,27484.666666666668,4.452474529464112
2013,British Columbia,27073.333333333332,-1.4965920391976195
2014,British Columbia,28267.916666666668,4.412398424033492
2015,British Columbia,31490.0,11.398375661453652
2016,British Columbia,42090.75,33.66386154334708
2017,British Columbia,43544.0,3.4526588383433365
2018,British Columbia,40939.666666666664,-5.980923510319069
2019,British Columbia,45051.333333333336,10.043234352990993
2020,British Columbia,37980.833333333336,-15.694319073057406
2021,British Columbia,47631.333333333336,25.408868508238804
2022,British Columbia,46707.583333333336,-1.9393746413425283
2023,British Columbia,50635.25,8.409055631580165
2024,British Columbia,45795.666666666664,-9.557735635418673
2025,British Columbia,44120.666666666664,-3.657551296702022
2026,British Columbia,43148.333333333336,-2.203804717365998
1990,Canada,192767.66666666666,
1991,Canada,154923.08333333334,-19.632225667167546
1992,Canada,171168.08333333334,10.48584862273052
1993,Canada,157122.25,-8.20587171381737
1994,Canada,152121.91666666666,-3.1824476376409727
1995,Canada,112783.5,-25.859795569671906
1996,Canada,123608.41666666667,9.597961285708179
1997,Canada,147422.75,19.26594804426074
1998,Canada,137673.66666666666,-6.613011447238193
1999,Canada,149805.83333333334,8.812263783197483
2000,Canada,151970.16666666666,1.4447590492136841
2001,Canada,162997.66666666666,7.256358429998877
2002,Canada,205404.08333333334,26.016578969433123
2003,Canada,218978.33333333334,6.608558982720636
2004,Canada,234122.41666666666,6.915790755554196
2005,Canada,225167.08333333334,-3.8250644516810706
2006,Canada,228452.16666666666,1.4589536288792893
2007,Canada,228377.75,-0.032574287980047245
2008,Canada,211130.08333333334,-7.552253521486508
2009,Canada,147968.0,-29.916193057913354
2010,Canada,191564.08333333334,29.46318348111303
2011,Canada,193387.25,0.9517267720245082
2012,Canada,215411.0,11.388418833196079
2013,Canada,188031.41666666666,-12.710392381695158
2014,Canada,189107.66666666666,0.5723777542494091
2015,Canada,193597.5,2.374220682045336
2016,Canada,198168.25,2.360955074316551
2017,Canada,219975.58333333334,11.004453707056182
2018,Canada,213571.16666666666,-2.9114216085345923
2019,Canada,208496.66666666666,-2.376022980630188
2020,Canada,218026.16666666666,4.570576667892379
2021,Canada,273754.0833333333,25.56019652075401
2022,Canada,262708.9166666667,-4.034703896349779
2023,Canada,242000.75,-7.8825518864827355
2024,Canada,244803.16666666666,1.158019827073531
2025,Canada,258396.41666666666,5.552726374046091
2026,Canada,248122.5,-3.976029079350618
1990,Manitoba,3915.25,
1991,Manitoba,2211.4166666666665,-43.51786816508098
1992,Manitoba,2489.8333333333335,12.589968722915179
1993,Manitoba,2579.5833333333335,3.6046589463819556
1994,Manitoba,2992.9166666666665,16.023259570344027
1995,Manitoba,2000.1666666666667,-33.16998468606431
1996,Manitoba,2303.0,15.140404966252818
1997,Manitoba,2594.9166666666665,12.675495730206965
1998,Manitoba,2791.75,7.585343138829126
1999,Manitoba,3126.4166666666665,11.987701859645972
2000,Manitoba,2535.5833333333335,-18.898099528213862
2001,Manitoba,2935.5,15.772176027869978
2002,Manitoba,3637.0833333333335,23.89996025662864
2003,Manitoba,4206.75,15.662733417344477
2004,Manitoba,4452.916666666667,5.851706582674687
2005,Manitoba,4776.0,7.255544119023094
2006,Manitoba,5044.833333333333,5.628838637632594
2007,Manitoba,5745.5,13.88879711916482
2008,Manitoba,5470.25,-4.790705769732839
2009,Manitoba,4081.0833333333335,-25.394939292841578
2010,Manitoba,5808.0,42.31515324770791
2011,Manitoba,6024.833333333333,3.733356290174461
2012,Manitoba,7305.583333333333,21.257849456416487
2013,Manitoba,7485.583333333333,2.4638689586731655
2014,Manitoba,6178.333333333333,-17.463568860142274
2015,Manitoba,5551.083333333333,-10.152414351227412
2016,Manitoba,5326.333333333333,-4.048759251197209
2017,Manitoba,7605.416666666667,42.78897302709807
2018,Manitoba,7332.416666666667,-3.589546923793352
2019,Manitoba,6949.0,-5.229062723749567
2020,Manitoba,7332.5,5.518779680529562
2021,Manitoba,8022.333333333333,9.407887259915903
2022,Manitoba,8075.833333333333,0.6668882702455692
2023,Manitoba,7116.666666666667,-11.876999277680312
2024,Manitoba,7204.083333333333,1.2283372365339496
2025,Manitoba,7880.75,9.392821200939295
2026,Manitoba,9273.5,17.67281032896615
1990,New Brunswick,3291.3333333333335,
1991,New Brunswick,2975.25,-9.603504152319232
1992,New Brunswick,3131.9166666666665,5.2656639498081415
1993,New Brunswick,3630.5833333333335,15.92209243540963
1994,New Brunswick,3101.75,-14.566070649803752
1995,New Brunswick,2166.1666666666665,-30.163079981730746
1996,New Brunswick,2675.9166666666665,23.53235362006616
1997,New Brunswick,2643.0833333333335,-1.2269938650306678
1998,New Brunswick,2298.1666666666665,-13.04978402749315
1999,New Brunswick,2718.0,18.268184784973542
2000,New Brunswick,3101.8333333333335,14.121903360313958
2001,New Brunswick,3700.5,19.300413733813325
2002,New Brunswick,3826.1666666666665,3.3959374859253266
2003,New Brunswick,4616.333333333333,20.651653090560607
2004,New Brunswick,3781.4166666666665,-18.08614340385587
2005,New Brunswick,3945.5833333333335,4.341406439385609
2006,New Brunswick,4165.75,5.580078991277171
2007,New Brunswick,4206.5,0.978215207345623
2008,New Brunswick,4439.833333333333,5.546970957644914
2009,New Brunswick,3511.0,-20.920454972033475
2010,New Brunswick,4368.5,24.423241241811454
2011,New Brunswick,3266.8333333333335,-25.218419747434282
2012,New Brunswick,3256.8333333333335,-0.3061068312841142
2013,New Brunswick,2842.1666666666665,-12.73220408372141
2014,New Brunswick,2319.9166666666665,-18.375065970796932
2015,New Brunswick,1946.4166666666667,-16.09971622543912
2016,New Brunswick,1853.6666666666667,-4.765166759429718
2017,New Brunswick,2234.8333333333335,20.56284840855962
2018,New Brunswick,2324.5,4.012230591393839
2019,New Brunswick,2869.6666666666665,23.453072345307223
2020,New Brunswick,3589.0,25.066790568010223
2021,New Brunswick,3860.6666666666665,7.56942509519829
2022,New Brunswick,4632.583333333333,19.994387843204976
2023,New Brunswick,4739.083333333333,2.298933280567006
2024,New Brunswick,6215.5,31.154055812481317
2025,New Brunswick,7636.25,22.858177137800652
2026,New Brunswick,6433.333333333333,-15.752714574125616
1990,Newfoundland and Labrador,3892.4166666666665,
1991,Newfoundland and Labrador,2653.0833333333335,-31.839688282772048
1992,Newfoundland and Labrador,2267.25,-14.542827527719327
1993,Newfoundland and Labrador,2487.6666666666665,9.721762781637079
1994,Newfoundland and Labrador,2074.75,-16.598552860779847
1995,Newfoundland and Labrador,1663.0833333333333,-19.84174800176729
1996,Newfoundland and Labrador,2125.6666666666665,27.81480182392142
1997,Newfoundland and Labrador,1801.3333333333333,-15.25795828759604
1998,Newfoundland and Labrador,1393.75,-22.626757957068833
1999,Newfoundland and Labrador,1504.8333333333333,7.9701046337817605
2000,Newfoundland and Labrador,1707.75,13.484328275556546
2001,Newfoundland and Labrador,1615.5833333333333,-5.396964817254679
2002,Newfoundland and Labrador,2421.5,49.88394284830042
2003,Newfoundland and Labrador,2472.6666666666665,2.113015348613123
2004,Newfoundland and Labrador,2906.8333333333335,17.558641143165275
2005,Newfoundland and Labrador,2533.75,-12.834699845192365
2006,Newfoundland and Labrador,2263.6666666666665,-10.659431014635757
2007,Newfoundland and Labrador,2629.25,16.150051538801357
2008,Newfoundland and Labrador,3156.0833333333335,20.037399765459107
2009,Newfoundland and Labrador,3066.5833333333335,-2.835793309217649
2010,Newfoundland and Labrador,4028.0833333333335,31.35411288350227
2011,Newfoundland and Labrador,3572.3333333333335,-11.314314086517573
2012,Newfoundland and Labrador,4036.1666666666665,12.984044042175968
2013,Newfoundland and Labrador,2925.8333333333335,-27.509600693727542
2014,Newfoundland and Labrador,2251.6666666666665,-23.0418684135574
2015,Newfoundland and Labrador,1844.25,-18.0940044411547
2016,Newfoundland and Labrador,1526.8333333333333,-17.211151778048894
2017,Newfoundland and Labrador,1383.0833333333333,-9.414911035913109
2018,Newfoundland and Labrador,1521.1666666666667,9.983731999758994
2019,Newfoundland and Labrador,893.1666666666666,-41.28410211460503
2020,Newfoundland and Labrador,760.1666666666666,-14.890837842881133
2021,Newfoundland and Labrador,1124.6666666666667,47.95001096250824
2022,Newfoundland and Labrador,1538.8333333333333,36.82572614107882
2023,Newfoundland and Labrador,959.0833333333334,-37.67464529405393
2024,Newfoundland and Labrador,1654.75,72.53453818750542
2025,Newfoundland and Labrador,1569.1666666666667,-5.1719796545298795
2026,Newfoundland and Labrador,1737.8333333333333,10.748805098247471
1990,Nova Scotia,5740.75,
1991,Nova Scotia,5171.0,-9.924661411836432
1992,Nova Scotia,4605.5,-10.93598917037324
1993,Nova Scotia,4218.75,-8.397568125067856
1994,Nova Scotia,4596.833333333333,8.961975308641978
1995,Nova Scotia,4236.333333333333,-7.8423552445524125
1996,Nova Scotia,4042.8333333333335,-4.567629239121873
1997,Nova Scotia,4283.333333333333,5.9487982850311205
1998,Nova Scotia,3026.8333333333335,-29.334630350194544
1999,Nova Scotia,4324.166666666667,42.86107593194208
2000,Nova Scotia,4458.5,3.1065715937560245
2001,Nova Scotia,4080.75,-8.472580464281709
2002,Nova Scotia,5018.333333333333,22.97576017480447
2003,Nova Scotia,5072.833333333333,1.0860179342411236
2004,Nova Scotia,4629.583333333333,-8.737720537503701
2005,Nova Scotia,4745.333333333333,2.5002250022500228
2006,Nova Scotia,4937.416666666667,4.04783647091882
2007,Nova Scotia,4696.583333333333,-4.877719455180685
2008,Nova Scotia,4021.25,-14.379247325183197
2009,Nova Scotia,3367.25,-16.263599626981662
2010,Nova Scotia,4417.25,31.182715866062804
2011,Nova Scotia,4663.333333333333,5.570962325730555
2012,Nova Scotia,4560.333333333333,-2.2087205146533284
2013,Nova Scotia,3899.25,-14.496381843432493
2014,Nova Scotia,3057.5833333333335,-21.58534760958304
2015,Nova Scotia,3859.0833333333335,26.213512850562815
2016,Nova Scotia,3705.6666666666665,-3.9754691312703816
2017,Nova Scotia,4018.9166666666665,8.453269767023475
2018,Nova Scotia,4884.416666666667,21.535654301532347
2019,Nova Scotia,4655.166666666667,-4.693498029447396
2020,Nova Scotia,4909.666666666667,5.467043786473802
2021,Nova Scotia,5968.583333333333,21.56799511168441
2022,Nova Scotia,5641.0,-5.488460410761897
2023,Nova Scotia,7145.666666666667,26.673757607989135
2024,Nova Scotia,7417.666666666667,3.806502775574949
2025,Nova Scotia,9753.583333333334,31.49125960544645
2026,Nova Scotia,7097.5,-27.23187204702545
1990,Ontario,66455.66666666667,
1991,Ontario,51050.0,-23.181870620513934
1992,Ontario,56227.583333333336,10.14218086842964
1993,Ontario,45709.5,-18.70626960966667
1994,Ontario,45854.333333333336,0.31685608753833083
1995,Ontario,36178.166666666664,-21.101967825650803
1996,Ontario,41928.416666666664,15.894254822199393
1997,Ontario,54006.166666666664,28.805642950981934
1998,Ontario,54616.333333333336,1.1298092501782264
1999,Ontario,67243.5,23.119762708347324
2000,Ontario,71755.08333333333,6.709322586321842
2001,Ontario,73832.75,2.895497531533775
2002,Ontario,84089.16666666667,13.891419006696438
2003,Ontario,85424.58333333333,1.5880959695561137
2004,Ontario,86116.75,0.8102663655563669
2005,Ontario,78303.75,-9.072567183503788
2006,Ontario,74552.25,-4.7909582874383405
2007,Ontario,67790.5,-9.069813452980968
2008,Ontario,75201.25,10.931841482213578
2009,Ontario,49794.25,-33.785342663852006
2010,Ontario,61032.25,22.568870903769
2011,Ontario,67801.41666666667,11.091130781949987
2012,Ontario,77387.08333333333,14.137856018249352
2013,Ontario,61075.5,-21.07791459599739
2014,Ontario,58587.416666666664,-4.073782995363661
2015,Ontario,68997.33333333333,17.768178320430007
2016,Ontario,74747.5,8.333896962201436
2017,Ontario,79876.33333333333,6.861544979207768
2018,Ontario,79075.66666666667,-1.0023828501558585
2019,Ontario,68989.91666666667,-12.754555763045516
2020,Ontario,81237.41666666667,17.752594280082
2021,Ontario,100424.5,23.618529638949216
2022,Ontario,95957.25,-4.448366683428839
2023,Ontario,89726.08333333333,-6.493690332587343
2024,Ontario,74481.16666666667,-16.990507219658333
2025,Ontario,65184.416666666664,-12.482014468982106
2026,Ontario,66866.0,2.5797321190008438
1990,Prince Edward Island,875.8333333333334,
1991,Prince Edward Island,585.3333333333334,-33.16841103710752
1992,Prince Edward Island,598.0833333333334,2.1782460136674286
1993,Prince Edward Island,644.3333333333334,7.733036087501732
1994,Prince Edward Island,794.5833333333334,23.318675633729956
1995,Prince Edward Island,490.3333333333333,-38.29050865233351
1996,Prince Edward Island,613.75,25.16995241332427
1997,Prince Edward Island,429.3333333333333,-30.047522063815347
1998,Prince Edward Island,515.6666666666666,20.108695652173903
1999,Prince Edward Island,637.75,23.674854557207503
2000,Prince Edward Island,847.0833333333334,32.82372925650072
2001,Prince Edward Island,676.9166666666666,-20.088539104771286
2002,Prince Edward Island,738.8333333333334,9.146866921088282
2003,Prince Edward Island,826.5,11.865553801037665
2004,Prince Edward Island,892.6666666666666,8.005646299657187
2005,Prince Edward Island,976.0,9.335324869305461
2006,Prince Edward Island,764.8333333333334,-21.63592896174863
2007,Prince Edward Island,747.6666666666666,-2.244497711919813
2008,Prince Edward Island,712.75,-4.670084707980382
2009,Prince Edward Island,858.25,20.413889863205892
2010,Prince Edward Island,739.3333333333334,-13.85571414700456
2011,Prince Edward Island,949.9166666666666,28.482867448151474
2012,Prince Edward Island,952.9166666666666,0.3158171769453544
2013,Prince Edward Island,632.75,-33.59860078705728
2014,Prince Edward Island,519.3333333333334,-17.924404056367706
2015,Prince Edward Island,538.6666666666666,3.7227214377406836
2016,Prince Edward Island,535.0833333333334,-0.6652227722772186
2017,Prince Edward Island,944.3333333333334,76.48341379847375
2018,Prince Edward Island,1033.9166666666667,9.486410165901882
2019,Prince Edward Island,1291.1666666666667,24.88111549931491
2020,Prince Edward Island,1099.4166666666667,-14.850910029688913
2021,Prince Edward Island,1162.5833333333333,5.745471083150133
2022,Prince Edward Island,1041.1666666666667,-10.443695792416296
2023,Prince Edward Island,829.75,-20.305746758444055
2024,Prince Edward Island,1235.5833333333333,48.91031435171236
2025,Prince Edward Island,1717.8333333333333,39.030147703513876
2026,Prince Edward Island,1988.5,15.756282138352585
1990,Quebec,52079.5,
1991,Quebec,45541.833333333336,-12.553243918752411
1992,Quebec,40745.916666666664,-10.530794031860824
1993,Quebec,34566.916666666664,-15.164709756192341
1994,Quebec,33620.416666666664,-2.7381672745857677
1995,Quebec,23126.25,-31.213672247766112
1996,Quebec,23523.666666666668,1.7184656685224287
1997,Quebec,25770.0,9.549248274787093
1998,Quebec,22689.25,-11.954792394256886
1999,Quebec,25590.916666666668,12.788728876744138
2000,Quebec,24341.333333333332,-4.882917441409884
2001,Quebec,27468.416666666668,12.846803790534622
2002,Quebec,42230.833333333336,53.743238446579554
2003,Quebec,50340.833333333336,19.203978136038046
2004,Quebec,58270.666666666664,15.75228856627322
2005,Quebec,51371.166666666664,-11.840434295128476
2006,Quebec,47527.166666666664,-7.48279676991308
2007,Quebec,48636.0,2.3330516231067966
2008,Quebec,47757.25,-1.8067892096389482
2009,Quebec,43545.333333333336,-8.819428812728258
2010,Quebec,51205.5,17.59124590465109
2011,Quebec,48265.333333333336,-5.741896215575792
2012,Quebec,47176.666666666664,-2.255587170916329
2013,Quebec,37712.25,-20.06164770719988
2014,Quebec,39105.0,3.69309707058052
2015,Quebec,36699.666666666664,-6.150961087669959
2016,Quebec,38928.25,6.0724893050799755
2017,Quebec,46092.333333333336,18.40330180096288
2018,Quebec,46594.416666666664,1.0892990157437499
2019,Quebec,48003.083333333336,3.023252070616489
2020,Quebec,53848.333333333336,12.176821974977292
2021,Quebec,69377.58333333333,28.83886842675414
2022,Quebec,58467.666666666664,-15.725420434794612
2023,Quebec,40307.833333333336,-31.05961699628854
2024,Quebec,48798.833333333336,21.065384313222822
2025,Quebec,59398.916666666664,21.722001550583503
2026,Quebec,58260.166666666664,-1.9171225064430142
1990,Saskatchewan,1399.8333333333333,
1991,Saskatchewan,1005.8333333333334,-28.146207881890696
1992,Saskatchewan,1804.8333333333333,79.43661971830984
1993,Saskatchewan,1945.25,7.780035090959458
1994,Saskatchewan,2014.75,3.572805551985603
1995,Saskatchewan,1655.9166666666667,-17.810315589196335
1996,Saskatchewan,2395.5833333333335,44.66810930501737
1997,Saskatchewan,2781.0,16.088635335861134
1998,Saskatchewan,2993.9166666666665,7.656118902073583
1999,Saskatchewan,3079.0,2.841873799649286
2000,Saskatchewan,2477.4166666666665,-19.5382700010826
2001,Saskatchewan,2362.4166666666665,-4.6419321201520365
2002,Saskatchewan,2944.9166666666665,24.656954389925566
2003,Saskatchewan,3306.9166666666665,12.29236820509918
2004,Saskatchewan,3805.0,15.06186528236273
2005,Saskatchewan,3360.0,-11.695137976346913
2006,Saskatchewan,3683.4166666666665,9.625496031746028
2007,Saskatchewan,5889.0,59.8787357752087
2008,Saskatchewan,6876.333333333333,16.76572140148298
2009,Saskatchewan,3749.1666666666665,-45.47724077754617
2010,Saskatchewan,5956.416666666667,58.87308290731275
2011,Saskatchewan,6987.0,17.302069197084368
2012,Saskatchewan,9965.75,42.63274652926865
2013,Saskatchewan,8272.916666666666,-16.986512137403952
2014,Saskatchewan,8256.833333333334,-0.19440946864768271
2015,Saskatchewan,5150.5,-37.62136412264589
2016,Saskatchewan,4835.083333333333,-6.124000906060911
2017,Saskatchewan,4954.5,2.469795418900067
2018,Saskatchewan,3592.5,-27.490160460187706
2019,Saskatchewan,2441.6666666666665,-32.03433078172119
2020,Saskatchewan,3068.75,25.682593856655302
2021,Saskatchewan,4251.083333333333,38.52817379497624
2022,Saskatchewan,4214.583333333333,-0.8586046693979998
2023,Saskatchewan,4597.083333333333,9.07563025210083
2024,Saskatchewan,4287.0,-6.745218888788173
2025,Saskatchewan,6115.083333333333,42.642485032268084
2026,Saskatchewan,6609.333333333333,8.082473664845114
